{"loss": [-0.05140947923064232, -0.07464228570461273, -0.1432260423898697, -0.17532962560653687, -0.19611366093158722, -0.23163972795009613, -0.25864264369010925, -0.243478924036026, -0.25853773951530457, -0.30350261926651, -0.2649022340774536, -0.27449819445610046, -0.2952175438404083, -0.3564889430999756, -0.33879926800727844, -0.311966210603714, -0.33437275886535645, -0.35756364464759827, -0.36745592951774597, -0.3714066445827484, -0.32495301961898804, -0.40868279337882996, -0.3932257890701294, -0.3805685043334961], "binary_accuracy": [0.7947571873664856, 0.900669515132904, 0.9529685378074646, 0.9744804501533508, 0.9820654392242432, 0.9849717617034912, 0.9889304041862488, 0.9889239072799683, 0.9886649250984192, 0.9891818165779114, 0.9873124957084656, 0.9886959195137024, 0.9897624850273132, 0.9890224933624268, 0.9913601875305176, 0.9896394610404968, 0.9925574660301208, 0.9916438460350037, 0.9910356998443604, 0.9912705421447754, 0.9907193779945374, 0.9922809600830078, 0.9929073452949524, 0.9894203543663025], "iou": [0.026609666645526886, 0.0390058271586895, 0.07747640460729599, 0.09696800261735916, 0.11057917028665543, 0.13342326879501343, 0.14971496164798737, 0.14744733273983002, 0.1502678394317627, 0.18157236278057098, 0.1535215526819229, 0.16198204457759857, 0.17686313390731812, 0.2182023972272873, 0.20608729124069214, 0.18851935863494873, 0.203489288687706, 0.22002476453781128, 0.2297867387533188, 0.23068439960479736, 0.1994151920080185, 0.26029443740844727, 0.2588123679161072, 0.23723888397216797], "dice_coef": [0.05140947923064232, 0.07464228570461273, 0.1432260423898697, 0.17532962560653687, 0.19611366093158722, 0.23163972795009613, 0.25864264369010925, 0.25247979164123535, 0.25853773951530457, 0.30350261926651, 0.2649022340774536, 0.27449819445610046, 0.2952175438404083, 0.3564889430999756, 0.3397115170955658, 0.311966210603714, 0.33437275886535645, 0.35756364464759827, 0.36745592951774597, 0.3714066445827484, 0.32495301961898804, 0.40868279337882996, 0.4029318392276764, 0.3805685043334961], "val_loss": [-0.019997647032141685, -0.02180936373770237, -0.017892077565193176, -0.02208012342453003, -0.029528236016631126, -0.026394864544272423, -0.026858149096369743, -0.026136109605431557, -0.023475421592593193, -0.024244630709290504, -0.030894910916686058, -0.01576351746916771, -0.025369256734848022, -0.018367992714047432, -0.01917167566716671, -0.019676044583320618, -0.019241631031036377, -0.018297038972377777, -0.01706817001104355, -0.019375598058104515, -0.10949251800775528, -0.05963646247982979, -0.055497583001852036, -0.01521186251193285], "val_binary_accuracy": [0.6835408210754395, 0.7138290405273438, 0.8521062731742859, 0.7825913429260254, 0.882993221282959, 0.9791975617408752, 0.98313969373703, 0.9862751960754395, 0.9895496368408203, 0.9887458682060242, 0.9872954487800598, 0.9922763705253601, 0.9862669110298157, 0.9900171160697937, 0.9899848103523254, 0.98890620470047, 0.9893825650215149, 0.9904264807701111, 0.991363525390625, 0.9893830418586731, 0.9894374012947083, 0.9885594248771667, 0.9927971959114075, 0.9910888671875], "val_iou": [0.01015012338757515, 0.011079855263233185, 0.00907848123461008, 0.011221998371183872, 0.015049939043819904, 0.012490668334066868, 0.01369301974773407, 0.013314778916537762, 0.011957723647356033, 0.012369471602141857, 0.01580587960779667, 0.006403947249054909, 0.013014615513384342, 0.009456339292228222, 0.009899266995489597, 0.010211623273789883, 0.010010075755417347, 0.009532976895570755, 0.00901793222874403, 0.01020530704408884, 0.05937889218330383, 0.031296256929636, 0.029598206281661987, 0.008316547609865665], "val_dice_coef": [0.019997647032141685, 0.02180936373770237, 0.017892077565193176, 0.02208012342453003, 0.029528236016631126, 0.02429911307990551, 0.026858149096369743, 0.026136109605431557, 0.023475421592593193, 0.024244630709290504, 0.030894910916686058, 0.011806565336883068, 0.025369256734848022, 0.018367992714047432, 0.01917167566716671, 0.019676044583320618, 0.019241631031036377, 0.016768330708146095, 0.01706817001104355, 0.019375598058104515, 0.10949251800775528, 0.05963646247982979, 0.055497583001852036, 0.01521186251193285]}